smooth_days,separation,pres_median,abs_median
15,0.07106407731771469,0.28493115305900574,0.21386707574129105
30,0.07301656156778336,0.29329705238342285,0.2202804908156395
45,0.07122013717889786,0.2849956601858139,0.21377552300691605
